id|fullname|Nation_team|Batting|Bowling
1|Ravinder Singh Bopara|England|Right-hand bat|Right-arm medium
2|Stuart Christopher John Broad|England|Left-hand bat|Right-arm fast-medium
5|Michael Alexander Carberry|England|Left-hand bat|Right-arm offbreak
8|Paul David Collingwood|England|Right-hand bat|Right-arm medium
19|Alastair Nathan Cook|England|Left-hand bat|Right-arm slow
25|James William Murray Dalrymple|England|Right-hand bat|Right-arm offbreak
26|Steven Michael Davies|England|Left-hand bat|none
27|Joseph Liam Denly|England|Right-hand bat|Legbreak
28|Jade Winston Dernbach|England|Right-hand bat|Right-arm fast-medium
38|Andrew Flintoff|England|Right-hand bat|Right-arm fast-medium
39|James Savin Foster|England|Right-hand bat|none
54|Gavin Mark Hamilton|Scotland|Left-hand bat|Right-arm medium-fast
56|Stephen James Harmison|England|Right-hand bat|Right-arm fast-medium
60|David Lloyd Hemp|Bermuda|Left-hand bat|Right-arm medium
75|Geraint Owen Jones|England|Right-hand bat|none
79|Robert William Trevor Key|England|Right-hand bat|Right-arm offbreak
80|Robert James Kirtley|England|Right-hand bat|Right-arm fast-medium
89|Jonathan Lewis|England|Right-hand bat|Right-arm medium
98|Michael John Lumb|England|Left-hand bat|Right-arm medium
99|Darren Lee Maddy|England|Right-hand bat|Right-arm medium
103|Adrian Dimitri Mascarenhas|England|Right-hand bat|Right-arm fast-medium
110|Timothy James Murtagh|Ireland|Left-hand bat|Right-arm fast-medium
111|Philip Mustard|England|Left-hand bat|Legbreak
112|Sajid Iqbal Mahmood|England|Right-hand bat|Right-arm fast-medium
113|Paul Andrew Nixon|England|Left-hand bat|none
115|Graham Onions|England|Right-hand bat|Right-arm medium-fast
118|Samit Rohit Patel|England|Right-hand bat|Slow left-arm orthodox
119|Mudhsuden Singh Panesar|England|Left-hand bat|Slow left-arm orthodox
120|Matthew James Prior|England|Right-hand bat|none
121|Liam Edward Plunkett|England|Right-hand bat|Right-arm fast
122|Navdeep Singh Poonia|Scotland|Right-hand bat|Right-arm medium-fast
123|Kevin Peter Pietersen|England|Right-hand bat|Right-arm offbreak
128|Christopher Mark Wells Read|England|Right-hand bat|none
137|Owais Alam Shah|England|Right-hand bat|Right-arm offbreak
139|Ryan Jay Sidebottom|England|Left-hand bat|Left-arm fast-medium
148|Jeremy Nicholas Snape|England|Right-hand bat|Right-arm offbreak
150|Vikram Singh Solanki|England|Right-hand bat|Right-arm offbreak
154|Andrew John Strauss|England|Left-hand bat|Left-arm medium
155|Graeme Peter Swann|England|Right-hand bat|Right-arm offbreak
157|Irfan Ahmed|Hong Kong|Right-hand bat|Right-arm fast-medium
159|Pieter Marinus Seelaar|Netherlands|Right-hand bat|Slow left-arm orthodox
160|Tyson George Gordon|Canada|Left-hand bat|Right-arm fast-medium
161|Chamara Kantha Kapugedera|Sri Lanka|Right-hand bat|Right-arm medium
162|Andrew David Poynter|Ireland|Right-hand bat|Right-arm offbreak
163|Steven Thomas Finn|England|Right-hand bat|Right-arm fast-medium
164|Henry Osinde|Canada|Right-hand bat|Right-arm medium-fast
165|Ajmal Shahzad|England|Right-hand bat|Right-arm fast-medium
167|Alexei Nicolaas Kervezee|Netherlands|Right-hand bat|Right-arm medium
168|Eric Stefan Szwarczynski|Netherlands|Right-hand bat|Right-arm medium
172|Stephen David Parry|England|Right-hand bat|Slow left-arm orthodox
174|Usman Tariq Khawaja|Australia|Left-hand bat|Right-arm medium
178|Marcus Edward Trescothick|England|Left-hand bat|Right-arm medium
182|James Cullum Tredwell|England|Left-hand bat|Right-arm offbreak
183|Christopher Timothy Tremlett|England|Right-hand bat|Right-arm medium-fast
184|James Joseph Celestine|Bermuda|Right-hand bat|Right-arm slow-medium
188|Tom Lexley William Cooper|Netherlands|Right-hand bat|Right-arm offbreak
189|David Andrew Warner|Australia|Left-hand bat|Legbreak
190|Fahad Afdhal Alhashmi|United Arab Emirates|Right-hand bat|Right-arm fast-medium
191|Munir Ahmed Dar|Hong Kong|Right-hand bat|Slow left-arm orthodox
194|Michael Paul Vaughan|England|Right-hand bat|Right-arm offbreak
195|Asad Ali|Pakistan|Right-hand bat|Right-arm medium-fast
200|Juan Theron|South Africa|Right-hand bat|Right-arm medium-fast
209|Martin James Guptill|New Zealand|Right-hand bat|Right-arm offbreak
210|Hamish Kyle Bennett|New Zealand|Left-hand bat|Right-arm medium-fast
211|SK Robiul Islam|Bangladesh|Right-hand bat|Right-arm fast-medium
212|Ashok Bhimchandra Dinda|India|Right-hand bat|Right-arm medium-fast
213|Sarfraz Ahmed|Pakistan|Right-hand bat|none
214|Sharjeel Khan|Pakistan|Left-hand bat|Legbreak
215|Mohammad Talha|Pakistan|Right-hand bat|Right-arm medium-fast
216|Frank Dimuth Madushanka Karunaratne|Sri Lanka|Left-hand bat|Right-arm medium
217|John Wayne Hastings|Australia|Right-hand bat|Right-arm fast-medium
218|Matthew Scott Wade|Australia|Left-hand bat|Right-arm medium
219|Benjamin Colin James Cutting|Australia|Right-hand bat|Right-arm fast-medium
220|Jason Nazimuddin Mohammed|West Indies|Right-hand bat|Right-arm offbreak
221|Nelon Troy Pascal|West Indies|Right-hand bat|Right-arm fast
222|Kemar Andre Jamal Roach|West Indies|Right-hand bat|Right-arm fast
223|Sunil Philip Narine|West Indies|Left-hand bat|Right-arm offbreak
224|Kieron Adrian Pollard|West Indies|Right-hand bat|Right-arm medium-fast
225|Dean Elgar|South Africa|Left-hand bat|Slow left-arm orthodox
226|Craig Kieswetter|England|Right-hand bat|Right-arm offbreak
227|Mthokozisi Shezi|South Africa|Left-hand bat|Left-arm medium
228|Peter James Forrest|Australia|Right-hand bat|Right-arm medium
229|Colin Munro|New Zealand|Left-hand bat|Right-arm medium-fast
230|Timothy Grant Southee|New Zealand|Right-hand bat|Right-arm medium-fast
231|Calum Scott MacLeod|Scotland|Right-hand bat|Right-arm medium-fast
232|Gary Simon Ballance|England|Left-hand bat|Legbreak
233|Keegan Orry Meth|Zimbabwe|Right-hand bat|Right-arm medium-fast
234|Anwar Ali|Pakistan|Right-hand bat|Right-arm medium-fast
236|Narangoda Liyanaarachchilage Thisara Chirantha Perera|Sri Lanka|Left-hand bat|Right-arm medium-fast
237|Stephanus Johannes Myburgh|Netherlands|Left-hand bat|Right-arm offbreak
238|Subasinghe Mudiyanselage Ashan Priyanjan|Sri Lanka|Right-hand bat|Right-arm offbreak
239|Luke James Wright|England|Right-hand bat|Right-arm medium-fast
240|Ravindrasinh Anirudhsinh Jadeja|India|Left-hand bat|Slow left-arm orthodox
241|Michael Howard Yardy|England|Left-hand bat|Slow left-arm orthodox
242|Brian Vitalis Vitori|Zimbabwe|Left-hand bat|Left-arm fast-medium
243|Richmond Mutumbami|Zimbabwe|Right-hand bat|Right-arm offbreak
244|Tafadzwa Kamungozi|Zimbabwe|Right-hand bat|Legbreak
245|Timycen Maruma|Zimbabwe|Right-hand bat|Legbreak googly
246|Cephas Zhuwao|Zimbabwe|Left-hand bat|Slow left-arm orthodox
247|Ishant Sharma|India|Right-hand bat|Right-arm fast-medium
253|Christopher Ray Foggo|Bermuda|Right-hand bat|none
254|Oliver Llewylln Pitcher|Bermuda|Right-hand bat|Right-arm medium
255|Steven Davonne Outerbridge|Bermuda|Left-hand bat|Right-arm offbreak
256|Murali Vijay|India|Right-hand bat|Right-arm offbreak
258|Irving Howard Romaine|Bermuda|Right-hand bat|Right-arm offbreak
264|Jekon Edness|Bermuda|Right-hand bat|none
284|Ashish Bagai|Canada|Right-hand bat|none
286|Zubin Eruch Surkari|Canada|Right-hand bat|Right-arm medium
291|Abdool Mudassar Samad|Canada|Right-hand bat|Right-arm offbreak
294|Ian Shaw Billcliff|Canada|Right-hand bat|Right-arm medium
295|John Michael Davison|Canada|Right-hand bat|Right-arm offbreak
298|Sandeep Jyoti|Canada|Right-hand bat|Right-arm offbreak
299|Nehemiah Ngoche Odhiambo|Kenya|Right-hand bat|Right-arm medium-fast
302|Umar Bhatti|Canada|Left-hand bat|Left-arm medium
323|Fawad Ahmed|Australia|Right-hand bat|Legbreak
335|Nadeem Ahmed|Hong Kong|Right-hand bat|Slow left-arm orthodox
336|John Francis Mooney|Ireland|Left-hand bat|Right-arm medium
338|Edmund Christopher Joyce|Ireland|Left-hand bat|Right-arm medium
339|William Kyle McCallan|Ireland|Right-hand bat|Right-arm offbreak
341|Andrew Roland White|Ireland|Right-hand bat|Right-arm offbreak
342|Niall John O'Brien|Ireland|Left-hand bat|none
346|Adil Usman Rashid|England|Right-hand bat|Legbreak
347|Harry Frederick Gurney|England|Right-hand bat|Left-arm fast-medium
348|Mudassar Bukhari|Netherlands|Right-hand bat|Right-arm medium-fast
352|Anthony Martin|West Indies|Right-hand bat|Legbreak
353|Mark Benjamin Sebastiaan Jonkman|Netherlands|Right-hand bat|Right-arm fast
354|Ahmed Raza|United Arab Emirates|Right-hand bat|Slow left-arm orthodox
355|Eoin Joseph Gerard Morgan|England|Left-hand bat|Right-arm medium
356|William Boyd Rankin|England|Left-hand bat|Right-arm fast-medium
358|Kevin Joseph O'Brien|Ireland|Right-hand bat|Right-arm medium-fast
359|Gary Craig Wilson|Ireland|Right-hand bat|none
360|William Thomas Stuart Porterfield|Ireland|Left-hand bat|Right-arm offbreak
368|James Kabatha Kamande|Kenya|Right-hand bat|Right-arm offbreak
371|George Hubert O'Brien|Bermuda|Right-hand bat|Right-arm fast-medium
375|Thomas Odoyo Migai|Kenya|Right-hand bat|Right-arm medium-fast
378|Lameck Onyango Ngoche|Kenya|Right-hand bat|Right-arm medium
379|Kennedy Otieno Obuya|Kenya|Right-hand bat|none
380|Ragheb Gul Aga|Kenya|Right-hand bat|Right-arm medium-fast
383|Otieno Suji Ondik|Kenya|Right-hand bat|Right-arm medium
384|Christopher Roger Woakes|England|Right-hand bat|Right-arm fast-medium
387|Stephen Ogonji Tikolo|Kenya|Right-hand bat|Right-arm offbreak
389|Morris Amollo Ouma|Kenya|Right-hand bat|Right-arm offbreak
390|Collins Omondi Obuya|Kenya|Right-hand bat|Legbreak
391|David Oluoch Obuya|Kenya|Right-hand bat|none
392|Peter Jimmy Carter Ongondo|Kenya|Right-hand bat|Right-arm fast-medium
395|Rajesh Lalji Bhudia|Kenya|Right-hand bat|Right-arm medium
399|Tanmay Mishra|Kenya|Right-hand bat|Right-arm fast-medium
422|Devon Cuthbert Thomas|West Indies|Right-hand bat|Right-arm medium
431|Edgar Schiferli|Netherlands|Right-hand bat|Right-arm medium-fast
433|Jeroen Smits|Netherlands|Right-hand bat|none
435|Daan Lodewjk Samuel van Bunge|Netherlands|Right-hand bat|Legbreak
439|Mohammad Adeel Khalid Raja|Netherlands|Right-hand bat|Right-arm offbreak
440|Alexander Daniel Hales|England|Right-hand bat|Right-arm medium
441|Bastiaan Zuiderent|Netherlands|Right-hand bat|Right-arm medium
442|Atse Folkert Buurman|Netherlands|Right-hand bat|none
444|Tom Nico de Grooth|Netherlands|Right-hand bat|Right-arm offbreak
446|John Angus Rae Blain|Scotland|Right-hand bat|Right-arm fast-medium
449|Douglas Ross Lockhart|Scotland|Right-hand bat|none
450|Gregor Ian Maiden|Scotland|Right-hand bat|Right-arm offbreak
454|Colin John Ogilvie Smith|Scotland|Right-hand bat|none
457|David Fraser Watts|Scotland|Right-hand bat|Right-arm medium
459|Craig McIntyre Wright|Scotland|Right-hand bat|Right-arm medium
463|Kieran Omar Akeem Powell|West Indies|Left-hand bat|Right-arm medium, Right-arm offbreak
464|Virat Kohli|India|Right-hand bat|Right-arm medium
466|Hiren Ashok Varaiya|Kenya|Right-hand bat|Slow left-arm orthodox
467|Ryan Robert Watson|Scotland|Right-hand bat|Right-arm medium, Right-arm offbreak
469|Neil Francis Ian McCallum|Scotland|Right-hand bat|none
471|Moneeb Mohammed Iqbal|Scotland|Right-hand bat|Legbreak
473|Kyle James Coetzer|Scotland|Right-hand bat|Right-arm medium-fast
474|Rana Majid Haq Khan|Scotland|Left-hand bat|Right-arm offbreak
476|Ross Thomas Lyons|Scotland|Left-hand bat|Slow left-arm orthodox
477|Gordon Goudie|Scotland|Right-hand bat|Right-arm fast-medium
478|Johann Dewald Nel|Scotland|Right-hand bat|Right-arm medium-fast
479|Richard Douglas Berrington|Scotland|Right-hand bat|Right-arm medium-fast
499|Khurram Khan|United Arab Emirates|Left-hand bat|Slow left-arm orthodox
502|Mohammad Tauqir|United Arab Emirates|Right-hand bat|Right-arm offbreak
507|Amjad Javed|United Arab Emirates|Right-hand bat|Right-arm medium
522|Khaliq Dad Noori|Afghanistan|Right-hand bat|Right-arm fast-medium
523|Mohammad Nabi|Afghanistan|Right-hand bat|Right-arm offbreak
524|Dawlat Khan Ahmadzi|Afghanistan|Right-hand bat|Right-arm fast-medium
525|Ahmed Shehzad|Pakistan|Right-hand bat|Legbreak
526|Raza-ur-Rehman|Canada|Right-hand bat|Left-arm medium-fast
527|Mohammad Junaid Khan|Pakistan|Right-hand bat|Left-arm fast
528|Tanwir Afzal|Hong Kong|Right-hand bat|Right-arm fast-medium
529|Usman Salahuddin|Pakistan|Right-hand bat|none
530|Kenneth Kamyuka|Canada|Right-hand bat|Right-arm fast-medium
531|Nathan Mitchell Coulter-Nile|Australia|Right-hand bat|Right-arm fast
533|Ajit Bhalchandra Agarkar|India|Right-hand bat|Right-arm fast
543|Ravichandran Ashwin|India|Right-hand bat|Right-arm offbreak
544|Wayne Dillon Parnell|South Africa|Left-hand bat|Left-arm medium-fast
545|Steven Peter Devereux Smith|Australia|Right-hand bat|Legbreak googly
546|Ranaweera Mudiyanselage Shaminda Eranga|Sri Lanka|Right-hand bat|Right-arm fast-medium
547|Rodney Jamal Omar Trott|Bermuda|Right-hand bat|Right-arm offbreak
548|Rakep Rajendra Patel|Kenya|Right-hand bat|Right-arm offbreak
550|Subramaniam Badrinath|India|Right-hand bat|Right-arm offbreak
552|Wandavasi Dorakanti Balaji Rao|Canada|Left-hand bat|Legbreak googly
553|Lakshmipathy Balaji|India|Right-hand bat|Right-arm medium-fast
556|Balapuwaduge Ajantha Winslow Mendis|Sri Lanka|Right-hand bat|Right-arm offbreak, Legbreak
557|Seekkuge Prasanna|Sri Lanka|Right-hand bat|Legbreak
560|Mohammad Mithun Ali|Bangladesh|Right-hand bat|none
564|James Peter Faulkner|Australia|Right-hand bat|Left-arm fast-medium
565|Stuart Terence Roger Binny|India|Right-hand bat|Right-arm medium
567|Kane William Richardson|Australia|Right-hand bat|Right-arm fast-medium
568|Nathan Michael Lyon|Australia|Right-hand bat|Right-arm offbreak
569|Phillip Joel Hughes|Australia|Left-hand bat|none
570|Mitchell Ross Marsh|Australia|Right-hand bat|Right-arm medium
571|James Lee Pattinson|Australia|Left-hand bat|Right-arm fast-medium
572|Glenn Alan Rogers|Scotland|Right-hand bat|Slow left-arm orthodox
573|Rahul Sharma|India|Right-hand bat|Legbreak googly
574|Senanayake Mudiyanselage Sachithra Madhushanka Senanayake|Sri Lanka|Right-hand bat|Right-arm offbreak
575|Veerasammy Permaul|West Indies|Right-hand bat|Slow left-arm orthodox
576|Adrian Boris Barath|West Indies|Right-hand bat|Right-arm offbreak
579|Royston Tycho Crandon|West Indies|Right-hand bat|Right-arm offbreak
583|Andre Dwayne Russell|West Indies|Right-hand bat|Right-arm fast
584|Jeremy Oliver Alster Gordon|Canada|Right-hand bat|Right-arm fast-medium
587|Darren Michael Bravo|West Indies|Left-hand bat|Right-arm medium-fast
588|Corey James Anderson|New Zealand|Left-hand bat|Left-arm medium-fast
589|Kane Stuart Williamson|New Zealand|Right-hand bat|Right-arm offbreak
590|Trent Alexander Boult|New Zealand|Right-hand bat|Left-arm fast-medium
591|Ajinkya Madhukar Rahane|India|Right-hand bat|Right-arm medium
592|Dhawal Sunil Kulkarni|India|Right-hand bat|Right-arm medium
596|Wriddhiman Prasanta Saha|India|Right-hand bat|none
599|Imrul Kayes|Bangladesh|Left-hand bat|none
600|Mahendra Singh Dhoni|India|Right-hand bat|Right-arm medium
603|Rahul Sharad Dravid|India|Right-hand bat|Right-arm offbreak
606|Shikhar Dhawan|India|Left-hand bat|Right-arm offbreak
609|Gautam Gambhir|India|Left-hand bat|Legbreak
617|Umar Amin|Pakistan|Left-hand bat|Right-arm medium
618|Josh Reginald Hazlewood|Australia|Left-hand bat|Right-arm fast-medium
619|Shafiul Islam|Bangladesh|Right-hand bat|Right-arm fast-medium
621|Christopher James Jordan|England|Right-hand bat|Right-arm fast-medium
622|Krishnachandran Karate|United Arab Emirates|Right-hand bat|Right-arm medium-fast
623|Mohammad Amir|Pakistan|Left-hand bat|Left-arm fast
625|Alex Auma Obanda|Kenya|Right-hand bat|Right-arm medium-fast
626|James John Atkinson|Hong Kong|Right-hand bat|none
627|Harbhajan Singh|India|Right-hand bat|Right-arm offbreak
630|Elijah Otieno Asoyo|Kenya|Right-hand bat|Right-arm medium-fast
631|Regis Wiriranai Chakabva|Zimbabwe|Right-hand bat|Right-arm offbreak
632|Alex Richard Cusack|Ireland|Right-hand bat|Right-arm medium-fast
633|Gordon David Drummond|Scotland|Right-hand bat|Right-arm medium-fast
637|Jonathan Marc Bairstow|England|Right-hand bat|Right-arm medium
638|Matthew William Machan|Scotland|Left-hand bat|Right-arm offbreak
639|Bradley Peter Kruger|Netherlands|Right-hand bat|Right-arm fast-medium
640|David Murphy|Scotland|Right-hand bat|none
641|Kyle John Abbott|South Africa|Right-hand bat|Right-arm fast-medium
642|Stuart Christopher Meaker|England|Right-hand bat|Right-arm fast-medium
643|James William Arthur Taylor|England|Right-hand bat|Legbreak
644|Jan Hendrik Stander|Scotland|Right-hand bat|Right-arm medium-fast
645|Matthew Archibald Parker|Scotland|Left-hand bat|Right-arm medium-fast
646|Sikandar Raza Butt|Zimbabwe|Right-hand bat|Right-arm medium, Right-arm offbreak
658|Krishnakumar Dinesh Karthik|India|Right-hand bat|none
660|Mohammad Nasir Hossain|Bangladesh|Right-hand bat|Right-arm offbreak
661|Mohammad Rubel Hossain|Bangladesh|Right-hand bat|Right-arm medium-fast
662|Lokuge Dinesh Chandimal|Sri Lanka|Right-hand bat|Right-arm offbreak
663|Angelo Kanishka Perera|Sri Lanka|Right-hand bat|Slow left-arm orthodox
664|Mathurage Don Kusal Janith Perera|Sri Lanka|Left-hand bat|none
666|Zaheer Khan|India|Right-hand bat|Left-arm fast-medium
670|Hettige Don Rumesh Lahiru Thirimanne|Sri Lanka|Left-hand bat|Right-arm medium-fast
678|Peter Christopher Connell|Ireland|Right-hand bat|Right-arm medium-fast
679|Ryan Flannigan|Scotland|Right-hand bat|Right-arm medium
681|Andrew Balbirnie|Ireland|Right-hand bat|Right-arm offbreak
682|Paul Robert Stirling|Ireland|Right-hand bat|Right-arm offbreak
684|James Norman Knight Shannon|Ireland|Right-hand bat|Right-arm offbreak
685|Joseph Edward Root|England|Right-hand bat|Right-arm offbreak
686|Maurits Maarten Alexander Jonkman|Netherlands|Right-hand bat|Right-arm medium
687|Ruvindu Gunasekera|Canada|Left-hand bat|Legbreak googly
688|Rustam Ali Bhatti|Canada|Right-hand bat|Right-arm offbreak
692|Praveenkumar Sakat Singh|India|Right-hand bat|Right-arm medium
697|Noor-ul-Haq Malekzai|Afghanistan|Right-hand bat|Right-arm offbreak
698|Shabir Ahmed Noori|Afghanistan|Right-hand bat|Right-arm offbreak
699|Zakiullah Zaki|Afghanistan|Right-hand bat|Legbreak
700|Rohan Mustafa|United Arab Emirates|Left-hand bat|Right-arm slow
701|Mohammad Javed Ahmadi|Afghanistan|Right-hand bat|Right-arm offbreak
702|Stuart William Poynter|Ireland|Right-hand bat|none
703|Nelson Mandela Odhiambo|Kenya|Right-hand bat|Right-arm medium-fast
704|Shem Obado Ngoche|Kenya|Right-hand bat|Slow left-arm orthodox
705|James Otieno Ngoche|Kenya|Right-hand bat|Right-arm offbreak
707|Michael Richard Swart|Netherlands|Right-hand bat|Right-arm offbreak
708|Joseph Charles Buttler|England|Right-hand bat|none
715|Danny Richard Briggs|England|Right-hand bat|Slow left-arm orthodox
717|Dinesh Mongia|India|Left-hand bat|Slow left-arm orthodox
721|Scott George Borthwick|England|Left-hand bat|Legbreak
722|Abhimanyu Mithun|India|Right-hand bat|Right-arm medium
723|Amit Mishra|India|Right-hand bat|Legbreak
724|Benjamin Andrew Stokes|England|Left-hand bat|Right-arm fast-medium
725|Hamid Hassan|Afghanistan|Right-hand bat|Right-arm fast
726|Mitchell Aaron Starc|Australia|Left-hand bat|Left-arm fast
727|Calvert Kenroy Hooper|Canada|Right-hand bat|Right-arm fast-medium
731|Chadwick Antonio Kirkpatrick Walton|West Indies|Right-hand bat|none
732|Ben Laughlin|Australia|Right-hand bat|Right-arm fast-medium
733|Asad Shafiq|Pakistan|Right-hand bat|Legbreak
734|Sohail Khan|Pakistan|Right-hand bat|Right-arm medium-fast
735|Umar Akmal|Pakistan|Right-hand bat|none
738|Sudeep Tyagi|India|Right-hand bat|Right-arm medium
740|Ashish Nehra|India|Right-hand bat|Left-arm medium-fast
741|Nawroz Khan Mangal|Afghanistan|Right-hand bat|Right-arm offbreak
743|Samiullah Shenwari|Afghanistan|Right-hand bat|Legbreak
744|Noor Ali Zadran|Afghanistan|Right-hand bat|Right-arm medium-fast
745|Haris Sohail|Pakistan|Left-hand bat|Left-arm medium
746|Rilee Roscoe Rossouw|South Africa|Left-hand bat|Right-arm offbreak
747|Mitchell John McClenaghan|New Zealand|Left-hand bat|Left-arm medium-fast
749|Shapoor Zadran|Afghanistan|Left-hand bat|Left-arm fast-medium
750|Karim Sadiq Khan|Afghanistan|Right-hand bat|Right-arm offbreak
751|Hasti Gul Abid|Afghanistan|Right-hand bat|Right-arm medium
752|Raees Khan Ahmadzai|Afghanistan|Right-hand bat|Right-arm offbreak
753|Mohammad Asghar Stanikzai|Afghanistan|Right-hand bat|Right-arm medium-fast
754|Abhishek Mohan Nayar|India|Left-hand bat|Right-arm medium
755|Naman Vinaykumar Ojha|India|Right-hand bat|none
756|Pragyan Prayash Ojha|India|Left-hand bat|Slow left-arm orthodox
758|David Andrew Miller|South Africa|Left-hand bat|Right-arm offbreak
764|Parthiv Ajay Patel|India|Left-hand bat|none
768|Rahat Ali|Pakistan|Right-hand bat|Left-arm fast-medium
772|Aththachchi Nuwan Pradeep Roshan Fernando|Sri Lanka|Right-hand bat|Right-arm fast-medium
773|Yusuf Khan Pathan|India|Right-hand bat|Right-arm offbreak
774|Glenn James Maxwell|Australia|Right-hand bat|Right-arm offbreak
775|Cheteshwar Arvind Pujara|India|Right-hand bat|Legbreak
776|Bhuvneshwar Kumar Singh|India|Right-hand bat|Right-arm medium
777|Irfan Khan Pathan|India|Left-hand bat|Left-arm medium-fast
778|Isuru Udana Tillakaratna|Sri Lanka|Right-hand bat|Left-arm medium-fast
779|Munaf Musa Patel|India|Right-hand bat|Right-arm medium-fast
780|Piyush Pramod Chawla|India|Left-hand bat|Legbreak
781|Pankaj Singh|India|Right-hand bat|Right-arm medium-fast
790|Hamish Duncan Rutherford|New Zealand|Left-hand bat|none
791|Ambati Thirupathi Rayudu|India|Right-hand bat|Right-arm offbreak
795|Kyle Malcolm Jarvis|Zimbabwe|Right-hand bat|Right-arm fast-medium
796|Confidence Tinotenda Mutombodzi|Zimbabwe|Right-hand bat|Legbreak, Legbreak googly
797|Njabulo Ncube|Zimbabwe|Right-hand bat|Right-arm fast-medium
799|Johnson Charles|West Indies|Right-hand bat|none
800|Suresh Kumar Raina|India|Left-hand bat|Right-arm offbreak
801|Timm van der Gugten|Netherlands|Right-hand bat|Right-arm fast-medium
819|Rohit Gurunath Sharma|India|Right-hand bat|Right-arm offbreak
825|Devendra Bishoo|West Indies|Left-hand bat|Legbreak
828|Vikrant Shetty|United Arab Emirates|Right-hand bat|Right-arm offbreak
829|Kasun Disi Kithuruwan Vithanage|Sri Lanka|Left-hand bat|Legbreak
831|Shanthakumaran Sreesanth|India|Right-hand bat|Right-arm fast-medium
832|Bilawal Bhatti|Pakistan|Right-hand bat|Right-arm medium-fast
833|Shingirai Winston Masakadza|Zimbabwe|Right-hand bat|Right-arm fast-medium
834|Raza Hasan|Pakistan|Right-hand bat|Slow left-arm orthodox
835|Pinnaduwage Chaturanga de Silva|Sri Lanka|Left-hand bat|Slow left-arm orthodox
836|Irfan Ali Karim|Kenya|Left-hand bat|Right-arm offbreak
837|George Henry Dockrell|Ireland|Right-hand bat|Slow left-arm orthodox
838|Graeme John McCarter|Ireland|Right-hand bat|Right-arm medium
840|Nitish Roenick Kumar|Canada|Right-hand bat|Right-arm offbreak
841|Nikhil Dutta|Canada|Right-hand bat|Right-arm offbreak
842|Nizakat Khan|Hong Kong|Right-hand bat|Legbreak
843|Waqas Barkat|Hong Kong|Right-hand bat|Right-arm bowler
844|Gulbadin Naib|Afghanistan|Right-hand bat|Right-arm medium-fast
845|Virender Sehwag|India|Right-hand bat|Right-arm offbreak
846|Rudra Pratap Singh|India|Right-hand bat|Left-arm fast-medium
848|Seren Robert Waters|Kenya|Right-hand bat|Legbreak
849|Sachin Ramesh Tendulkar|India|Right-hand bat|Right-arm offbreak, Legbreak googly
850|Robert Meadows Lombe Taylor|Scotland|Left-hand bat|Left-arm medium
851|Saurabh Sunil Tiwary|India|Left-hand bat|none
852|Neil Kruger|Netherlands|Right-hand bat|Right-arm medium
853|James Douglas Sheahan Neesham|New Zealand|Left-hand bat|Right-arm medium
854|Harvir Singh Baidwan|Canada|Right-hand bat|Right-arm medium
855|Manoj Kumar Tiwary|India|Right-hand bat|Legbreak googly
856|Robin Venu Uthappa|India|Right-hand bat|Right-arm medium
864|Ranganath Vinay Kumar|India|Right-hand bat|Right-arm medium
874|Yuvraj Singh|India|Left-hand bat|Slow left-arm orthodox
875|Varun Raymond Aaron|India|Right-hand bat|Right-arm fast
878|Nathan John Astle|New Zealand|Right-hand bat|Right-arm medium
879|Graeme William Aldridge|New Zealand|Right-hand bat|Right-arm fast-medium
880|Andre Ryan Adams|New Zealand|Right-hand bat|Right-arm fast-medium
881|Rizwan Ahmed Cheema|Canada|Right-hand bat|Right-arm medium
882|Douglas Andrew John Bracewell|New Zealand|Right-hand bat|Right-arm fast-medium
883|Shafiqullah Shafiq|Afghanistan|Right-hand bat|none
895|Shane Edward Bond|New Zealand|Right-hand bat|Right-arm fast
896|Ian Gareth Butler|New Zealand|Right-hand bat|Right-arm fast
897|Geoffery Edward Fulton Barnett|Canada|Left-hand bat|Right-arm medium-fast
898|Timothy George Johannus Gruijters|Netherlands|Right-hand bat|Right-arm medium
899|Edward James Richardson|Ireland|Right-hand bat|Right-arm medium
900|Freddie Robert John Coleman|Scotland|Right-hand bat|none
902|Craig Alexander Young|Ireland|Right-hand bat|Right-arm medium
904|Neil Trevor Broom|New Zealand|Right-hand bat|Right-arm medium
905|Michael David Bates|New Zealand|Right-hand bat|Left-arm medium-fast
906|Peter William Borren|Netherlands|Right-hand bat|Right-arm medium
908|Christopher Lance Cairns|New Zealand|Right-hand bat|Right-arm fast-medium
916|Craig Derek Cumming|New Zealand|Right-hand bat|none
923|Anton Paul Devcich|New Zealand|Left-hand bat|Slow left-arm orthodox
924|Brendon John Diamanti|New Zealand|Right-hand bat|Right-arm medium-fast
927|Andrew Malcolm Ellis|New Zealand|Right-hand bat|Right-arm fast-medium
928|Stephen Paul Fleming|New Zealand|Left-hand bat|none
930|James Edward Charles Franklin|New Zealand|Left-hand bat|Left-arm medium
931|Mohammad Shahzaib Hasan Khan|Pakistan|Right-hand bat|Right-arm offbreak
932|Peter Gordon Fulton|New Zealand|Right-hand bat|Right-arm medium
933|Daniel Raymond Flynn|New Zealand|Left-hand bat|Left-arm slow
938|Mark Raymond Gillespie|New Zealand|Right-hand bat|Right-arm fast-medium
951|Gareth James Hopkins|New Zealand|Right-hand bat|none
957|Paul Anthony Hitchcock|New Zealand|Right-hand bat|Right-arm medium
958|Jamie Michael How|New Zealand|Right-hand bat|Right-arm medium, Right-arm offbreak
959|Mohammed Abul Hasan|Bangladesh|Left-hand bat|Right-arm medium-fast
960|Mominul Haque|Bangladesh|Left-hand bat|Slow left-arm orthodox
968|Umeshkumar Tilak Yadav|India|Right-hand bat|Right-arm fast-medium
969|Hamish John Hamilton Marshall|New Zealand|Right-hand bat|Right-arm medium
970|James Andrew Hamilton Marshall|New Zealand|Right-hand bat|Right-arm medium
971|Christopher Stewart Martin|New Zealand|Right-hand bat|Right-arm fast-medium
972|Michael James Mason|New Zealand|Right-hand bat|Right-arm fast-medium
975|Craig Douglas McMillan|New Zealand|Right-hand bat|Right-arm medium
981|Brendon Barrie McCullum|New Zealand|Right-hand bat|Right-arm medium
982|Kyle David Mills|New Zealand|Right-hand bat|Right-arm fast-medium
983|Nathan Leslie McCullum|New Zealand|Right-hand bat|Right-arm offbreak
984|Tarun Sai Nethula|New Zealand|Right-hand bat|Legbreak
985|Peter Donald McGlashan|New Zealand|Right-hand bat|none
986|Parvez Ghulam Rasool Zargar|India|Right-hand bat|Right-arm offbreak
987|Quinton de Kock|South Africa|Left-hand bat|none
988|Andrew John McKay|New Zealand|Right-hand bat|Left-arm fast-medium
991|Mohammad Anamul Haque Bijoy|Bangladesh|Right-hand bat|none
992|Robert James Nicol|New Zealand|Right-hand bat|Right-arm medium, Right-arm offbreak
994|Jacob David Philip Oram|New Zealand|Left-hand bat|Right-arm fast-medium
997|Michael James Grattan Rippon|Netherlands|Right-hand bat|Slow left-arm chinaman
998|Iain Edward O'Brien|New Zealand|Right-hand bat|Right-arm fast-medium
1009|Jeetan Shashi Patel|New Zealand|Right-hand bat|Right-arm offbreak
1019|Darron John Reekers|Netherlands|Right-hand bat|Right-arm medium
1020|Aaron James Redmond|New Zealand|Right-hand bat|Legbreak
1021|Jesse Daniel Ryder|New Zealand|Left-hand bat|Right-arm medium
1022|Mathew Stuart Sinclair|New Zealand|Right-hand bat|Right-arm medium
1028|Scott Bernard Styris|New Zealand|Right-hand bat|Right-arm medium
1031|Shanan Luke Stewart|New Zealand|Right-hand bat|Right-arm medium
1032|Hammad Azam|Pakistan|Right-hand bat|Right-arm medium
1037|Daryl Raymond Tuffey|New Zealand|Right-hand bat|Right-arm fast-medium
1040|Ewen Paul Thompson|New Zealand|Left-hand bat|Left-arm fast-medium
1041|Luteru Ross Poutoa Lote Taylor|New Zealand|Right-hand bat|Right-arm offbreak
1044|Daniel Luca Vettori|New Zealand|Left-hand bat|Slow left-arm orthodox
1046|Lou Vincent|New Zealand|Right-hand bat|Right-arm medium
1051|Mirwais Ashraf|Afghanistan|Right-hand bat|Right-arm fast-medium
1059|Regan Morris West|Ireland|Left-hand bat|Left-arm fast-medium, Slow left-arm orthodox
1061|Thomas William Maxwell Latham|New Zealand|Left-hand bat|Right-arm medium
1062|Luke James Woodcock|New Zealand|Left-hand bat|Slow left-arm orthodox
1063|Bradley-John Watling|New Zealand|Right-hand bat|none
1065|Peter John Ingram|New Zealand|Right-hand bat|Right-arm offbreak
1090|Azhar Ali|Pakistan|Right-hand bat|Legbreak
1091|Adnan Akmal|Pakistan|Right-hand bat|none
1092|Jaydev Dipakbhai Unadkat|India|Right-hand bat|Left-arm medium
1095|Abdur Rehman|Pakistan|Left-hand bat|Slow left-arm orthodox
1097|Jason Omar Holder|West Indies|Right-hand bat|Right-arm medium-fast
1098|Natsai M'shangwe|Zimbabwe|Right-hand bat|Legbreak
1099|Donald Tatenda Tiripano|Zimbabwe|Right-hand bat|Right-arm fast-medium
1100|Marchant de Lange|South Africa|Right-hand bat|Right-arm fast
1102|Amjad Ali|United Arab Emirates|Left-hand bat|Legbreak
1104|Aizaz Bin Ilyas Cheema|Pakistan|Right-hand bat|Right-arm medium-fast
1105|Abdul Razzaq|Pakistan|Right-hand bat|Right-arm fast-medium
1106|Sean Anthony Abbott|Australia|Right-hand bat|Right-arm fast-medium
1108|Alasdair Campbell Evans|Scotland|Right-hand bat|Right-arm medium-fast
1116|Fayyaz Ahmed|United Arab Emirates|Left-hand bat|Slow left-arm orthodox
1117|Amir Hamza Hotak|Afghanistan|Right-hand bat|Slow left-arm orthodox
1118|Izatullah Dawlatzai|Afghanistan|Right-hand bat|Right-arm fast-medium
1119|Fawad Alam|Pakistan|Left-hand bat|Slow left-arm orthodox
1120|Shuvagata Hom Chowdhury|Bangladesh|Right-hand bat|Right-arm offbreak
1131|Imran Nazir|Pakistan|Right-hand bat|Legbreak
1133|Inzamam-ul-Haq|Pakistan|Right-hand bat|Slow left-arm orthodox
1139|Imran Farhat|Pakistan|Left-hand bat|Legbreak
1140|Rao Iftikhar Anjum|Pakistan|Right-hand bat|Right-arm medium
1141|Mohammad Imran Tahir|South Africa|Right-hand bat|Legbreak googly
1142|Nigel Geoffrey Jones|Ireland|Right-hand bat|Right-arm medium
1143|Joshua Henry Davey|Scotland|Right-hand bat|Right-arm medium-fast
1150|Kamran Akmal|Pakistan|Right-hand bat|none
1152|Khalid Latif|Pakistan|Right-hand bat|Right-arm offbreak
1155|Khurram Manzoor|Pakistan|Right-hand bat|Right-arm offbreak
1156|Khurram Rasheed Chohan|Canada|Right-hand bat|Right-arm fast-medium
1180|Mohammad Sami|Pakistan|Right-hand bat|Right-arm fast
1181|Berend Arnold Westdijk|Netherlands|Right-hand bat|Right-arm medium
1182|Misbah-ul-Haq Khan Niazi|Pakistan|Right-hand bat|Legbreak
1183|Mohammad Asif|Pakistan|Left-hand bat|Right-arm fast-medium
1184|Hiral Patel|Canada|Right-hand bat|Slow left-arm orthodox
1185|Usman Limbada|Canada|Right-hand bat|Right-arm medium
1186|Mohammad Hafeez|Pakistan|Right-hand bat|Right-arm offbreak
1187|Hamza Tariq|Canada|Right-hand bat|none
1192|Mohammad Salman|Pakistan|Right-hand bat|Legbreak
1193|Stuart Robert Thompson|Ireland|Left-hand bat|Right-arm medium-fast
1194|Michael Alexander Leask|Scotland|Right-hand bat|Right-arm offbreak
1195|Safyaan Mohammed Sharif|Scotland|Right-hand bat|Right-arm medium-fast
1196|Craig Donald Wallace|Scotland|Right-hand bat|none
1198|Vinoo Arsh Baldewpersad Tewarie|Netherlands|Right-hand bat|Legbreak googly
1203|Matthew Henry Cross|Scotland|Right-hand bat|none
1204|Andrew Robert McBrine|Ireland|Left-hand bat|Right-arm offbreak
1206|Nathan Wade Bracken|Australia|Right-hand bat|Left-arm fast-medium
1207|Amarbir Singh Hansra|Canada|Right-hand bat|Right-arm medium, Right-arm slow
1211|Mohammad Shahzad	Mohammadi|Afghanistan|Right-hand bat|none
1223|Najeeb Amar|Hong Kong|Left-hand bat|Slow left-arm orthodox
1225|Rana Naved-ul-Hasan|Pakistan|Right-hand bat|Right-arm medium-fast
1226|Nasir Jamshed|Pakistan|Left-hand bat|none
1234|Tendai Larry Chatara|Zimbabwe|Right-hand bat|Right-arm fast-medium
1251|Sahibzada Mohammad Shahid Khan Afridi|Pakistan|Right-hand bat|Legbreak googly
1258|Shoaib Akhtar|Pakistan|Right-hand bat|Right-arm fast
1259|Shoaib Malik|Pakistan|Right-hand bat|Right-arm offbreak
1263|Salman Butt|Pakistan|Left-hand bat|Right-arm offbreak
1264|Saeed Ajmal|Pakistan|Right-hand bat|Right-arm offbreak
1265|Saqib Ali|United Arab Emirates|Right-hand bat|none
1267|Mohammad Irfan|Pakistan|Right-hand bat|Left-arm fast
1269|Shaiman Anwar Butt|United Arab Emirates|Right-hand bat|Right-arm medium-fast
1271|Sohail Tanvir|Pakistan|Left-hand bat|Left-arm medium-fast
1272|Sohaib Maqsood|Pakistan|Right-hand bat|Right-arm offbreak
1277|Tanvir Ahmed|Pakistan|Right-hand bat|Right-arm fast-medium
1278|Taufeeq Umar|Pakistan|Left-hand bat|Right-arm offbreak
1279|Umar Gul|Pakistan|Right-hand bat|Right-arm fast-medium
1286|Wahab Riaz|Pakistan|Right-hand bat|Left-arm fast
1288|Mohammad Yousuf|Pakistan|Right-hand bat|Right-arm offbreak
1289|Mohammad Younis Khan|Pakistan|Right-hand bat|Right-arm medium, Legbreak
1290|Yasir Arafat Satti|Pakistan|Right-hand bat|Right-arm fast-medium
1292|Yasir Shah|Pakistan|Right-hand bat|Legbreak
1300|Zahid Hussain|Canada|Left-hand bat|Slow left-arm orthodox
1303|Zulqarnain Haider|Pakistan|Right-hand bat|none
1304|Zulfiqar Babar|Pakistan|Right-hand bat|Slow left-arm orthodox
1305|Hashim Mahomed Amla|South Africa|Right-hand bat|Right-arm medium, Right-arm offbreak
1308|Christopher Henry Morris|South Africa|Right-hand bat|Right-arm fast-medium
1309|John Anderson|Ireland|Right-hand bat|Right-arm offbreak
1313|Gulam Hussain Bodi|South Africa|Left-hand bat|Slow left-arm chinaman
1315|Aftab Alam|Afghanistan|Right-hand bat|Right-arm medium-fast
1317|Hashmatullah Shaidi|Afghanistan|Left-hand bat|Right-arm offbreak
1318|Parth Ajaykumar Desai|Canada|Right-hand bat|Slow left-arm orthodox
1319|Lungile Edgar Bosman|South Africa|Right-hand bat|Right-arm medium
1320|Andre Cornelius Botha|Ireland|Left-hand bat|Right-arm medium
1321|Mark Verdon Boucher|South Africa|Right-hand bat|Right-arm medium
1323|Johan Botha|South Africa|Right-hand bat|Right-arm offbreak
1324|Jeremy Paul Bray|Ireland|Left-hand bat|none
1325|Wesley Barresi|Netherlands|Right-hand bat|Right-arm offbreak
1326|Farhaan Behardien|South Africa|Right-hand bat|Right-arm fast-medium
1327|Sohag Gazi|Bangladesh|Right-hand bat|Right-arm offbreak
1333|Neil Miller Carter|Scotland|Left-hand bat|Left-arm medium-fast
1334|George John Bailey|Australia|Right-hand bat|Right-arm medium
1337|Hendrik Human Dippenaar|South Africa|Right-hand bat|Right-arm offbreak
1339|Swapnil Prakash Patil|United Arab Emirates|Right-hand bat|none
1340|Henry Davids|South Africa|Right-hand bat|Right-arm medium-fast
1341|Francois du Plessis|South Africa|Right-hand bat|Legbreak
1342|Dean Graham Brownlie|New Zealand|Right-hand bat|Right-arm medium
1343|Jean-Paul Duminy|South Africa|Left-hand bat|Right-arm offbreak
1344|Abraham Benjamin de Villiers|South Africa|Right-hand bat|Right-arm medium
1346|Grant David Elliott|New Zealand|Right-hand bat|Right-arm medium
1348|Douglas Erwin Bollinger|Australia|Left-hand bat|Left-arm fast-medium
1349|Adam Fraser Milne|New Zealand|Right-hand bat|Right-arm fast-medium
1351|Herschelle Herman Gibbs|South Africa|Right-hand bat|Right-arm bowler
1354|Neville Madziva|Zimbabwe|Right-hand bat|Right-arm medium
1356|Andrew James Hall|South Africa|Right-hand bat|Right-arm fast-medium
1365|Colin Alexander Ingram|South Africa|Left-hand bat|Legbreak
1367|Carlos Ricardo Brathwaite|West Indies|Right-hand bat|Right-arm fast-medium
1368|Michael John Clarke|Australia|Right-hand bat|Slow left-arm orthodox
1369|Jacques Henry Kallis|South Africa|Right-hand bat|Right-arm fast-medium
1370|Justin Miles Kemp|South Africa|Right-hand bat|Right-arm fast-medium
1374|Stuart Rupert Clark|Australia|Right-hand bat|Right-arm fast-medium
1379|Garnett John-Peter Kruger|South Africa|Right-hand bat|Right-arm medium-fast
1380|Rory Keith Kleinveldt|South Africa|Right-hand bat|Right-arm fast-medium
1381|Charl Kenneth Langeveldt|South Africa|Right-hand bat|Right-arm fast-medium
1384|Johann Louw|South Africa|Right-hand bat|Right-arm medium-fast
1385|Preston Luke Mommsen|Scotland|Right-hand bat|Right-arm offbreak
1388|Neil Douglas McKenzie|South Africa|Right-hand bat|Right-arm medium
1390|Johannes Albertus Morkel|South Africa|Left-hand bat|Right-arm medium-fast
1393|Rory Desmond McCann|Ireland|Right-hand bat|none
1394|Albert van der Merwe|Ireland|Right-hand bat|Right-arm offbreak
1395|Ryan McLaren|South Africa|Left-hand bat|Right-arm medium-fast
1396|Morne Morkel|South Africa|Left-hand bat|Right-arm fast
1397|Andre Nel|South Africa|Right-hand bat|Right-arm fast-medium
1398|Makhaya Ntini|South Africa|Right-hand bat|Right-arm fast
1399|Bernardus Pieters Loots|Netherlands|Right-hand bat|Right-arm medium
1400|Justin Lee Ontong|South Africa|Right-hand bat|Right-arm offbreak
1402|Thomas Josephus Heggelman|Netherlands|Right-hand bat|Right-arm medium
1403|Robin John Peterson|South Africa|Left-hand bat|Slow left-arm orthodox
1404|Shaun Maclean Pollock|South Africa|Right-hand bat|Right-arm fast-medium
1406|Ashwell Gavin Prince|South Africa|Left-hand bat|Right-arm offbreak
1409|Alviro Nathan Petersen|South Africa|Right-hand bat|Right-arm offbreak
1410|Aaron Mpho Phangiso|South Africa|Right-hand bat|Slow left-arm orthodox
1411|Vernon Darryl Philander|South Africa|Right-hand bat|Right-arm fast-medium
1418|Jacobus Andries Rudolph|South Africa|Left-hand bat|Legbreak googly
1419|Benjamin Nicolas Cooper|Netherlands|Left-hand bat|Right-arm medium
1424|Duncan Iain Allan|Kenya|Right-hand bat|Right-arm medium-fast
1430|Graeme Craig Smith|South Africa|Left-hand bat|Right-arm offbreak
1431|Dale Willem Steyn|South Africa|Right-hand bat|Right-arm fast
1432|Roger Telemachus|South Africa|Right-hand bat|Right-arm fast-medium
1435|Ian Jonathan Leonard Trott|England|Right-hand bat|Right-arm medium
1436|Ryan Neil ten Doeschate|Netherlands|Right-hand bat|Right-arm medium-fast
1438|Lonwabo Lopsy Tsotsobe|South Africa|Right-hand bat|Left-arm fast-medium
1439|Johannes Jacobus van der Wath|South Africa|Right-hand bat|Right-arm medium-fast
1441|Morne Nico van Wyk|South Africa|Right-hand bat|Slow left-arm orthodox
1443|Vaughn Bernard van Jaarsveld|South Africa|Left-hand bat|Right-arm medium
1444|Roelof Erasmus van der Merwe|South Africa|Right-hand bat|Slow left-arm orthodox
1449|Monde Zondeki|South Africa|Right-hand bat|Right-arm fast
1453|Russel Premakumaran Arnold|Sri Lanka|Left-hand bat|Right-arm offbreak
1454|Marvan Samson Atapattu|Sri Lanka|Right-hand bat|Legbreak
1457|Mohammed Shami Ahmed|India|Right-hand bat|Right-arm fast-medium
1458|Herath Mudiyanselage Charitha Malinga Bandara|Sri Lanka|Right-hand bat|Legbreak
1478|Tillakaratne Mudiyanselage Dilshan|Sri Lanka|Right-hand bat|Right-arm offbreak
1480|Loku Hettige Danushka Dilhara|Sri Lanka|Right-hand bat|Right-arm fast-medium
1481|Daniel Trevor Christian|Australia|Right-hand bat|Right-arm fast-medium
1488|Congenige Randhi Dilhara Fernando|Sri Lanka|Right-hand bat|Right-arm fast-medium
1492|Patrick James Cummins|Australia|Right-hand bat|Right-arm fast
1501|Asanka Manjula Guruge|United Arab Emirates|Right-hand bat|Left-arm fast-medium
1509|Herath Mudiyanselage Rangana Keerthi Bandara Herath|Sri Lanka|Left-hand bat|Slow left-arm orthodox
1512|Sanath Teran Jayasuriya|Sri Lanka|Left-hand bat|Slow left-arm orthodox
1517|Denagamage Proboth Mahela de Silva Jayawardene|Sri Lanka|Right-hand bat|Right-arm medium
1518|Karl Whatham|Canada|Right-hand bat|Right-arm offbreak
1524|Sahan Hewa Thilina Kandamby|Sri Lanka|Left-hand bat|Legbreak
1528|Chamith Kosala Bandara Kulasekara|Sri Lanka|Right-hand bat|Right-arm fast-medium
1529|Junaid Siddiqui|Canada|Right-hand bat|Legbreak
1532|Kulasekara Mudiyanselage Dinesh Nuwan Kulasekara|Sri Lanka|Right-hand bat|Right-arm fast-medium
1535|Kaushal Samaraweera Lokuarachchi|Sri Lanka|Right-hand bat|Legbreak
1537|Ranasinghe Arachchige Suranga Lakmal|Sri Lanka|Right-hand bat|Right-arm medium-fast
1543|Jehan Mubarak|Sri Lanka|Left-hand bat|Right-arm offbreak
1545|Muttiah Muralitharan|Sri Lanka|Right-hand bat|Right-arm offbreak
1546|Mohamed Farveez Maharoof|Sri Lanka|Right-hand bat|Right-arm fast-medium
1548|Magina Thilan Thushara Mirando|Sri Lanka|Left-hand bat|Left-arm fast-medium
1549|Balapuwaduge Manukulasuriya Amith Jeevan Mendis|Sri Lanka|Left-hand bat|Legbreak
1550|Separamadu Lasith Malinga|Sri Lanka|Right-hand bat|Right-arm fast
1551|Angelo Davis Mathews|Sri Lanka|Right-hand bat|Right-arm fast-medium
1560|Muthumudalige Pushpakumara|Sri Lanka|Left-hand bat|Right-arm offbreak
1562|Mahawaduge Dilruwan Kamalaneth Perera|Sri Lanka|Right-hand bat|Right-arm offbreak
1567|Kariyawasam Tirana Gamage Dhammika Prasad|Sri Lanka|Right-hand bat|Right-arm fast-medium
1568|Xavier John Doherty|Australia|Left-hand bat|Slow left-arm orthodox
1581|Thilan Thusara Samaraweera|Sri Lanka|Right-hand bat|Right-arm offbreak
1584|Lindamlilage Prageeth Chamara Silva|Sri Lanka|Right-hand bat|Legbreak
1586|Hewa Kaluhalamullage Suraj Randiv Kaluhalamulla|Sri Lanka|Right-hand bat|Right-arm offbreak
1587|Elle Hennadige Shadeep Nadeeja Silva|United Arab Emirates|Left-hand bat|Slow left-arm orthodox
1588|Matthew James Henry|New Zealand|Right-hand bat|Right-arm fast-medium
1589|Kumar Chokshanada Sangakkara|Sri Lanka|Left-hand bat|Right-arm offbreak
1593|Warushavithana Upul Tharanga|Sri Lanka|Left-hand bat|none
1595|Mahela Lakmal Udawatte|Sri Lanka|Left-hand bat|Right-arm offbreak
1596|Warnakulasuriya Patabendige Ushantha Joseph Chaminda Vaas|Sri Lanka|Left-hand bat|Left-arm fast-medium
1609|Kaushalya Weeraratne|Sri Lanka|Left-hand bat|Right-arm medium-fast
1612|Iain Wardlaw|Scotland|Right-hand bat|Right-arm fast-medium
1613|Sajeewa Weerakoon|Sri Lanka|Left-hand bat|Slow left-arm orthodox
1614|Uda Walawwe Mahim Bandaralage Chanaka Asanga Welegedara|Sri Lanka|Right-hand bat|Left-arm fast-medium
1622|Al-Amin Hossain|Bangladesh|Right-hand bat|Right-arm medium-fast
1635|Sulieman Jamaal Benn|West Indies|Left-hand bat|Slow left-arm orthodox
1642|David Eddison Bernard|West Indies|Right-hand bat|Right-arm medium-fast
1644|Lionel Sionne Baker|West Indies|Left-hand bat|Right-arm medium-fast
1645|Tino la Bertram Best|West Indies|Right-hand bat|Right-arm fast
1647|Dwayne John Bravo|West Indies|Right-hand bat|Right-arm medium-fast
1648|Carlton Seymour Baugh|West Indies|Right-hand bat|Legbreak googly
1650|Shivnarine Chanderpaul|West Indies|Left-hand bat|Legbreak
1663|Dawlat Zadran|Afghanistan|Right-hand bat|Right-arm fast-medium
1665|Narsingh Deonarine|West Indies|Left-hand bat|Right-arm offbreak
1666|Travis Montague Dowlin|West Indies|Right-hand bat|Right-arm offbreak
1667|Sunil Dhaniram|Canada|Left-hand bat|Slow left-arm orthodox
1668|Damodar Daesrath|Canada|Right-hand bat|Right-arm offbreak
1669|Fidel Henderson Edwards|West Indies|Right-hand bat|Right-arm fast
1671|Kirk Anton Edwards|West Indies|Right-hand bat|Right-arm offbreak
1674|Malik Ahsan Ahmad Jamil|Netherlands|Right-hand bat|Right-arm medium-fast
1675|Andre David Stephon Fletcher|West Indies|Right-hand bat|Right-arm medium-fast
1676|Shawn Eli Findlay|West Indies|Left-hand bat|Right-arm medium
1678|Daren Ganga|West Indies|Right-hand bat|Right-arm offbreak
1681|Christopher Henry Gayle|West Indies|Left-hand bat|Right-arm offbreak
1694|Wavell Wayne Hinds|West Indies|Left-hand bat|Right-arm medium
1701|Danza Pacino Hyatt|West Indies|Right-hand bat|Right-arm medium
1706|Leon Rayon Johnson|West Indies|Left-hand bat|Legbreak
1711|Eion Katchay|Canada|Right-hand bat|Right-arm fast-medium
1713|Rawl Nicholas Lewis|West Indies|Right-hand bat|Legbreak googly
1716|Callum James Ferguson|Australia|Right-hand bat|Right-arm medium
1719|Nasir Jamal Ahmadzai|Afghanistan|Right-hand bat|Legbreak googly
1720|Najibullah Zadran|Afghanistan|Left-hand bat|Right-arm offbreak
1730|Runako Shakur Morton|West Indies|Right-hand bat|Right-arm medium, Right-arm offbreak
1732|Nikita O'Brien Miller|West Indies|Right-hand bat|Slow left-arm orthodox
1733|Xavier Melbourne Marshall|West Indies|Right-hand bat|Right-arm offbreak
1742|Brenton Anthony Parchment|West Indies|Right-hand bat|Right-arm offbreak
1743|Daren Brent Lyle Powell|West Indies|Right-hand bat|Right-arm fast-medium
1745|Floyd Lamonte Reifer|West Indies|Left-hand bat|Right-arm medium
1751|Dale Maurice Richards|West Indies|Right-hand bat|Right-arm medium
1752|Ravindranath Rampaul|West Indies|Left-hand bat|Right-arm fast-medium
1754|Denesh Ramdin|West Indies|Right-hand bat|none
1755|Austin Conroy Lenroy Richards|West Indies|Left-hand bat|Right-arm medium
1765|Devon Sheldon Smith|West Indies|Left-hand bat|Right-arm offbreak
1766|Ramnaresh Ronnie Sarwan|West Indies|Right-hand bat|Legbreak
1767|Marlon Nathaniel Samuels|West Indies|Right-hand bat|Right-arm offbreak
1769|Darren Julius Garvey Sammy|West Indies|Right-hand bat|Right-arm medium-fast
1770|Lendl Mark Platter Simmons|West Indies|Right-hand bat|Right-arm medium-fast
1771|Dwayne Romel Smith|West Indies|Right-hand bat|Right-arm medium
1774|Gavin Courtney Tonge|West Indies|Right-hand bat|Right-arm fast-medium
1775|Jerome Everton Taylor|West Indies|Right-hand bat|Right-arm fast
1776|Max Christian Sorensen|Ireland|Right-hand bat|Right-arm fast-medium
1782|Aaron James Finch|Australia|Right-hand bat|Slow left-arm orthodox
1783|Mohammad Naveed Saleem|United Arab Emirates|Right-hand bat|Right-arm medium
1784|Rahmat Shah Zurmatai|Afghanistan|Right-hand bat|Legbreak googly
1785|Mohit Mahipal Sharma|India|Right-hand bat|Right-arm medium
1787|Taskin Ahmed|Bangladesh|Left-hand bat|Right-arm fast-medium
1788|Adam Craig Gilchrist|Australia|Left-hand bat|Right-arm offbreak
1790|Babar Hayat|Hong Kong|Right-hand bat|Right-arm medium
1791|Haseeb Amjad|Hong Kong|Right-hand bat|Right-arm medium-fast
1793|Luke Mafuwa Jongwe|Zimbabwe|Right-hand bat|Right-arm medium
1795|Ehsan Adil|Pakistan|Right-hand bat|Right-arm fast-medium
1796|Brett Geeves|Australia|Right-hand bat|Right-arm fast-medium
1798|Arnoldus Mauritius Blignaut|Zimbabwe|Left-hand bat|Right-arm medium-fast
1811|Charles Kevin Coventry|Zimbabwe|Right-hand bat|Legbreak
1812|Elton Chigumbura|Zimbabwe|Right-hand bat|Right-arm fast-medium
1813|Alexander Graeme Cremer|Zimbabwe|Right-hand bat|Legbreak googly
1814|Michael Tawanda Chinouya|Zimbabwe|Right-hand bat|Right-arm fast-medium
1815|Chamunorwa Justice Chibhabha|Zimbabwe|Right-hand bat|Right-arm medium
1819|Keith Mbusi Dabengwa|Zimbabwe|Left-hand bat|Slow left-arm orthodox
1821|Colin de Grandhomme|New Zealand|Right-hand bat|Right-arm fast-medium
1824|Craig Richard Ervine|Zimbabwe|Left-hand bat|Right-arm offbreak
1830|Grant William Flower|Zimbabwe|Right-hand bat|Slow left-arm orthodox
1834|Akshar Rajeshbhai Patel|India|Left-hand bat|Slow left-arm orthodox
1848|Gregory Arthur Lamb|Zimbabwe|Right-hand bat|Right-arm offbreak
1857|Tinotenda Mbiri Kanayi Mawoyo|Zimbabwe|Right-hand bat|Right-arm medium-fast
1858|Bradley James Haddin|Australia|Right-hand bat|none
1860|Hamilton Masakadza|Zimbabwe|Right-hand bat|Right-arm medium
1862|Stuart Matsikenyeri|Zimbabwe|Right-hand bat|Right-arm offbreak
1864|Christopher Bobby Mpofu|Zimbabwe|Right-hand bat|Right-arm fast-medium
1866|Forster Mutizwa|Zimbabwe|Right-hand bat|Right-arm offbreak
1868|Tawanda Mupariwa|Zimbabwe|Right-hand bat|Right-arm fast-medium
1870|John Nyumbu|Zimbabwe|Right-hand bat|Right-arm offbreak
1871|Ian Alan Nicolson|Zimbabwe|Right-hand bat|Right-arm fast-medium
1872|Miguel Lamar Cummins|West Indies|Left-hand bat|Right-arm fast
1879|Raymond William Price|Zimbabwe|Right-hand bat|Slow left-arm orthodox
1881|Tinashe Panyangara|Zimbabwe|Right-hand bat|Right-arm fast-medium
1888|Edward Charles Rainsford|Zimbabwe|Right-hand bat|Right-arm fast-medium
1894|Vusimuzi Sibanda|Zimbabwe|Right-hand bat|Right-arm medium
1896|Tatenda Taibu|Zimbabwe|Right-hand bat|Right-arm medium
1897|Brendan Ross Murray Taylor|Zimbabwe|Right-hand bat|Right-arm offbreak
1898|Prosper Utseya|Zimbabwe|Right-hand bat|Right-arm offbreak
1899|Mark Andrew Vermeulen|Zimbabwe|Right-hand bat|Right-arm offbreak
1905|Sean Colin Williams|Zimbabwe|Left-hand bat|Slow left-arm orthodox
1906|Malcolm Noel Waller|Zimbabwe|Right-hand bat|Right-arm offbreak
1909|Enamul Haque jnr|Bangladesh|Right-hand bat|Slow left-arm orthodox
1910|Mohammad Elias Sunny|Bangladesh|Left-hand bat|Slow left-arm orthodox
1913|Faisal Hossain|Bangladesh|Left-hand bat|Slow left-arm orthodox
1914|Farhad Reza|Bangladesh|Right-hand bat|Right-arm fast-medium
1923|Nathan Michael Hauritz|Australia|Right-hand bat|Right-arm offbreak
1929|Mohammad Jahurul Islam|Bangladesh|Right-hand bat|Right-arm offbreak
1930|Mohammad Junaid Siddique|Bangladesh|Left-hand bat|Right-arm offbreak
1944|Mohammad Ashraful|Bangladesh|Right-hand bat|Right-arm offbreak, Legbreak
1947|Mashrafe Bin Mortaza|Bangladesh|Right-hand bat|Right-arm fast-medium
1950|Mohammad Mahmudullah|Bangladesh|Right-hand bat|Right-arm offbreak
1951|Mohammad Mushfiqur Rahim|Bangladesh|Right-hand bat|none
1952|Mehrab Hossain jnr|Bangladesh|Left-hand bat|Slow left-arm orthodox
1953|Mahbubul Alam|Bangladesh|Right-hand bat|Right-arm medium-fast
1958|Shane Michael Harwood|Australia|Right-hand bat|Right-arm fast-medium
1959|Mohammed Naeem Islam|Bangladesh|Right-hand bat|Right-arm offbreak
1960|Mohammad Nazmul Hossain|Bangladesh|Right-hand bat|Right-arm medium-fast
1961|Mohammed Nazimuddin|Bangladesh|Right-hand bat|Right-arm medium
1967|Mohammad Raqibul Hasan|Bangladesh|Right-hand bat|Legbreak
1977|Suhrawadi Shuvo|Bangladesh|Left-hand bat|Slow left-arm orthodox
1978|Shakib Al Hasan|Bangladesh|Left-hand bat|Slow left-arm orthodox
1979|Kazi Shahadat Hossain|Bangladesh|Right-hand bat|Right-arm medium-fast
1980|Shahriar Nafees Ahmed|Bangladesh|Left-hand bat|none
1981|Mohammad Shamsur Rahman|Bangladesh|Right-hand bat|none
1982|Matthew Lawrence Hayden|Australia|Left-hand bat|Right-arm medium
1983|Syed Rasel|Bangladesh|Left-hand bat|Left-arm medium-fast
1987|Ziaur Rahman|Bangladesh|Right-hand bat|Right-arm fast-medium
1993|Tamim Iqbal Khan|Bangladesh|Left-hand bat|none
1994|Dhiman Ghosh|Bangladesh|Right-hand bat|none
1995|Dolar Mahmud|Bangladesh|Right-hand bat|Right-arm fast-medium
2005|Alok Kapali|Bangladesh|Right-hand bat|Legbreak
2007|Aftab Ahmed Chowdhury|Bangladesh|Right-hand bat|Right-arm medium
2008|Arafat Sunny|Bangladesh|Left-hand bat|Slow left-arm orthodox
2010|Abdur Razzak|Bangladesh|Left-hand bat|Slow left-arm orthodox
2013|Bradley John Hodge|Australia|Right-hand bat|Right-arm offbreak
2015|George Bradley Hogg|Australia|Left-hand bat|Slow left-arm chinaman
2019|James Redfern Hopes|Australia|Right-hand bat|Right-arm medium
2023|David John Hussey|Australia|Right-hand bat|Right-arm offbreak
2024|Ryan James Harris|Australia|Right-hand bat|Right-arm fast
2025|Michael Edward Killeen Hussey|Australia|Left-hand bat|Right-arm medium
2026|Benjamin William Hilfenhaus|Australia|Right-hand bat|Right-arm fast-medium
2027|Moises Constantino Henriques|Australia|Right-hand bat|Right-arm fast-medium
2029|Mitchell Guy Johnson|Australia|Left-hand bat|Left-arm fast
2030|David Trent Johnston|Ireland|Right-hand bat|Right-arm fast-medium
2038|Kamran Shazad|United Arab Emirates|Right-hand bat|Right-arm medium-fast
2039|Jason John Krejza|Australia|Right-hand bat|Right-arm offbreak
2043|Salman Faris|United Arab Emirates|Left-hand bat|Legbreak
2047|Brett Lee|Australia|Right-hand bat|Right-arm fast
2052|Sharafuddin Ashraf|Afghanistan|Left-hand bat|Slow left-arm orthodox
2054|Hamish John William Gardiner|Scotland|Right-hand bat|none
2062|Graham Allan Manou|Australia|Right-hand bat|none
2065|Damien Richard Martyn|Australia|Right-hand bat|Right-arm medium
2076|Shaun Edward Marsh|Australia|Left-hand bat|Slow left-arm orthodox
2077|Clinton James McKay|Australia|Right-hand bat|Right-arm fast-medium
2079|Marcus James North|Australia|Left-hand bat|Right-arm offbreak
2081|Dirk Peter Nannes|Australia|Right-hand bat|Left-arm fast
2086|Usman Ghani|Afghanistan|Right-hand bat|none
2087|Ricky Thomas Ponting|Australia|Right-hand bat|Right-arm medium
2091|Timothy David Paine|Australia|Right-hand bat|Right-arm medium
2100|Mohammad Shahzad|United Arab Emirates|Right-hand bat|Right-arm medium
2101|Irfan Sajid|United Arab Emirates|Right-hand bat|Legbreak
2102|Luke Ronchi|New Zealand|Right-hand bat|none
2111|Andrew Symonds|Australia|Right-hand bat|Right-arm medium, Right-arm offbreak
2112|Peter Matthew Siddle|Australia|Right-hand bat|Right-arm fast-medium
2120|Shaun William Tait|Australia|Right-hand bat|Right-arm fast
2122|Adam Charles Voges|Australia|Right-hand bat|Slow left-arm orthodox
2127|Shane Robert Watson|Australia|Right-hand bat|Right-arm fast-medium
2140|Cameron Leon White|Australia|Right-hand bat|Legbreak googly
2157|James Michael Anderson|England|Left-hand bat|Right-arm fast-medium
2159|Moeen Munir Ali|England|Left-hand bat|Right-arm offbreak
2164|Gareth Jon Batty|England|Right-hand bat|Right-arm offbreak
2165|Ian Ronald Bell|England|Right-hand bat|Right-arm medium
2176|Douglas Robert Brown|Scotland|Right-hand bat|Right-arm fast-medium
2177|Timothy Thomas Bresnan|England|Right-hand bat|Right-arm medium-fast
2184|Mahuru Douglas Dai|Papua New Guinea|Right-hand bat|Right-arm medium, Legbreak googly
2186|Asadollah Vala|Papua New Guinea|Left-hand bat|Right-arm offbreak
2187|Jack Nomani Tiki Vare|Papua New Guinea|Right-hand bat|none
2188|Panagamuwa Lahiru Sampath Gamage|Sri Lanka|Right-hand bat|Right-arm fast-medium
2189|Solomon Farai Mire|Zimbabwe|Right-hand bat|Right-arm medium-fast
2190|Tony Pala Ura|Papua New Guinea|Right-hand bat|none
2192|Charles Jordan Alewa Amini|Papua New Guinea|Left-hand bat|Legbreak
2193|Peter Joseph Moor|Zimbabwe|Right-hand bat|Right-arm offbreak
2194|Vani Vagi Morea|Papua New Guinea|Right-hand bat|Right-arm medium
2195|Afsar Khan Zazai|Afghanistan|Right-hand bat|none
2196|Dickwella Patabendige Dilantha Niroshan Dickwella|Sri Lanka|Left-hand bat|none
2197|Lega Siaka|Papua New Guinea|Right-hand bat|Right-arm fast-medium
2198|Norman Vanua|Papua New Guinea|Right-hand bat|Right-arm medium
2201|Salman Faisal Abdul Karim Farooq|United Arab Emirates|Right-hand bat|Right-arm offbreak
2202|Kedar Mahadav Jadhav|India|Right-hand bat|Right-arm offbreak
2203|Karn Vinod Sharma|India|Left-hand bat|Legbreak googly
2204|Mohammad Sabbir Rahman|Bangladesh|Right-hand bat|Legbreak
2205|Andri Raffaelo Berenger|United Arab Emirates|Right-hand bat|none
2206|Taijul Islam|Bangladesh|Left-hand bat|Slow left-arm orthodox
2207|Kinchit Devang Shah|Hong Kong|Left-hand bat|Right-arm offbreak
2208|Aizaz Mohammad Khan|Hong Kong|Right-hand bat|Right-arm medium-fast
2209|Soumya Sarkar|Bangladesh|Left-hand bat|Right-arm medium-fast
2210|Nasir Aziz|United Arab Emirates|Right-hand bat|Right-arm offbreak
2211|Anshuman Rath|Hong Kong|Left-hand bat|none
2213|Jubair Hossain|Bangladesh|Right-hand bat|Legbreak
2214|Jonathan Lyndon Carter|West Indies|Left-hand bat|Right-arm medium
2215|Gurinder Singh Sandhu|Australia|Left-hand bat|Right-arm fast-medium
2216|Saqlain Haider|United Arab Emirates|Left-hand bat|none
2218|Sheldon Shane Cottrell|West Indies|Right-hand bat|Left-arm fast-medium
2219|Pathira Vasan Dushmantha Chameera|Sri Lanka|Right-hand bat|Right-arm medium-fast
2225|Paskuwal Handi Tharindu Kaushal|Sri Lanka|Right-hand batnone|Right-arm offbreak
2227|Nadif Chowdhury|Bangladesh|Right-hand bat|Slow left-arm orthodox
2228|Mohammad Rizwan|Pakistan,Pakistan A,Pakistan Under-19s,Pakistan Under-23s,Peshawar,Peshawar Panthers,Sui Northern Gas Pipelines Limited|Right-hand bat|none
2229|Hafiz Saad Nasim|Pakistan,Lahore Eagles,Lahore Lions,Lahore Ravi,Lahore Shalimar,Pakistan A,Punjab (Pakistan)|Right-hand bat|Legbreak
2230|Sami Aslam|National Bank of Pakistan,Pakistan Under-19s|Left-hand bat|Right-arm medium
2231|Jason Jonathan Roy|England,Chittagong Kings,England Lions,Surrey,Surrey 2nd XI|Right-hand bat|none
2232|Samuel William Billings|England,England Under-19s,Kent,Kent 2nd XI,Loughborough Marylebone Cricket Club University (England)|Right-hand bat|none
2233|Mitchell Josef Santner|New Zealand,New Zealand Masters,Northern Districts,Northern Districts A,Northern Districts Under-19s|Left-hand bat|Slow left-arm orthodox
2234|David Jonathan Willey|England Lions,England Under-19s,Northamptonshire,Northamptonshire 2nd XI|Left-hand bat|Left-arm fast-medium
2235|Mark Andrew Wood|England,England XI,Durham,Durham 2nd XI,Durham Academy,England Lions,Northumberland,Northumberland Under-13s,Northumberland Under-15s,Northumberland U|Right-hand bat|Right-arm fast
2236|Ben Matthew Wheeler|New Zealand,Central Districts,Central Districts Under-19s,New Zealand Under-19s|Right-hand bat|Left-arm medium-fast
2237|Liton Kumar Das|Bangladesh,Bangladesh Under-15s,Bangladesh Under-19s,Bangladesh Under-23s,Dhaka Gladiators,East Zone (Bangladesh),North Zone (Bangladesh),Rangpur Divi|Right-hand bat|none
2238|Mustafizur Rahman|Bangladesh,Abahani Limited,Bangladesh Under-19s,Khulna Division,South Zone (Bangladesh)|Left-hand bat|Left-arm fast-medium
2239|Andrew William Mathieson|New Zealand,Central Districts,New Zealand Under-19s,Northern Districts|Right-hand bat|Right-arm medium
2240|Kagiso Rabada|South Africa,Gauteng,Gauteng Under-19s,Lions,South Africa A,South Africa Colts XI,South Africa Under-19s,St Stithians College|Left-hand bat|Right-arm fast
2241|Tisse Appuhamilage Milinda Siriwardana|Sri Lanka,Basnahira South,Chilaw Marians Cricket Club,Chittagong Division,Dhaka Division,Kalutara Vidyalaya,Kandurata Maroons,Ruhuna,Sebastianites Cri|Left-hand bat|Slow left-arm orthodox
2242|Mohammad Babar Azam|Pakistan,Pakistan A,Pakistan Under-15s,Pakistan Under-19s,Pakistan Under-23s,Rawalpindi Rams,Sui Southern Gas Corporation,Zarai Taraqiati Bank Limited|Right-hand bat|Right-arm offbreak
2243|Manish Krishnanand Pandey|India A,Karnataka,Kolkata Knight Riders,Mumbai Indians,Pune Warriors,Royal Challengers Bangalore,South Zone|Right-hand bat|Right-arm medium
2244|Sachith Shanaka Pathirana|Colombo Cricket Club,Combined Provinces,Kandurata,Kandy Youth Cricket Club,Ragama Cricket Club,Southern Express,Sri Lanka Under-19s|Left-hand bat|Slow left-arm orthodox
2245|Syed Imad Wasim|Pakistan,Islamabad,Islamabad Leopards,Pakistan Under-19s|Left-hand bat|Slow left-arm orthodox
2246|Inderbir Singh Sodhi|New Zealand,Auckland Under-17s,Auckland Under-19s,New Zealand A,New Zealand Under-19s,Northern Districts|Right-hand bat|Legbreak
2247|David Wiese|South Africa,Easterns,Guyana Amazon Warriors,Guyana Amazon Warriors,Royal Challengers Bangalore,South Africa A,South Africa Emerging Players,Titans|Right-hand bat|Right-arm medium-fast
2248|George Herrick Worker|New Zealand,Scotland,Canterbury,Central Districts,New Zealand A,New Zealand Under-19s|Left-hand bat|Slow left-arm orthodox
2249|Joseph Anthony Burns|Australia,Australia A,Brisbane Heat,Leicestershire,Middlesex,Queensland,Queensland Under-19s,Queensland Under-23s,Sussex 2nd XI|Right-hand bat|Right-arm medium
2250|Ashton Charles Agar|Australia,Australia A,Australia Under-19s,Perth Scorchers,Western Australia,Western Australia Under-23s|Left-hand bat|Slow left-arm orthodox
2251|Marcus Peter Stoinis|Australia,Australia A,Delhi Daredevils,Kent 2nd XI,Perth Scorchers,Scarborough,Victoria,Victoria Under-23s,Victorian XI,Western Australia,Western Aust|Right-hand bat|Right-arm medium
2252|Reece James William Topley|England,England Lions,England Under-19s,Essex,Essex 2nd XI|Right-hand bat|Left-arm medium-fast
2282|Rameez Raja|Pakistan|Right-hand bat|Right-arm offbreak
2284|Nkrumah Eljego Bonner|West Indies|Right-hand bat|Legbreak
2286|Derwin O'Neil Christian|West Indies|Right-hand bat|none
2287|Miles Cameron Bascombe|West Indies|Right-hand bat|none
2290|Garey Earl Mathurin|West Indies|Left-hand bat|Slow left-arm orthodox
2297|Roneel Magan Hira|New Zealand|Left-hand bat|Slow left-arm orthodox
2299|Richard Ernst Levi|South Africa|Right-hand bat|Right-arm medium
2305|Awais Zia|Pakistan|Left-hand bat|Right-arm offbreak
2309|Maninderjit Singh Aulakh|Canada|Right-hand bat|Right-arm fast-medium
2317|Shakeel Ansar|Pakistan|Right-hand bat|none
2319|Samuel Badree|West Indies|Right-hand bat|Legbreak
2333|Eldeniya Medagedara Dilshan Yasika Munaweera|Sri Lanka|Right-hand bat|Right-arm offbreak
2375|Ben James Rohrer|Australia|Left-hand bat|none
2420|David Wiese|South Africa|Right-hand bat|Right-arm medium-fast
2429|Nicolas James Maddinson|Australia|Left-hand bat|Slow left-arm orthodox
2441|Usman Khan Shinwari|Pakistan|Right-hand bat|Left-arm medium-fast
2451|Christopher Austin Lynn|Australia|Right-hand bat|Slow left-arm orthodox
2453|James Matthew Muirhead|Australia|Right-hand bat|Legbreak
2484|Beuran Eric Hendricks|South Africa|Left-hand bat|Left-arm fast-medium
2493|Najeeb Tarakai|Afghanistan|Right-hand bat|Right-arm offbreak
2496|Subash Prasad Khakurel|Nepal|Right-hand bat|none
2498|Sagar Pun|Nepal|Right-hand bat|Right-arm offbreak
2502|Gyanendra Malla|Nepal|Right-hand bat|none
2505|Paras Khadka|Nepal|Right-hand bat|Right-arm medium-fast
2508|Binod Bhandari|Nepal|Right-hand bat|Right-arm bowler
2511|Sharad Vesawkar|Nepal|Right-hand bat|Right-arm offbreak
2513|Basant Regmi|Nepal|Left-hand bat|Slow left-arm orthodox
2516|Naresh Bahadur Budayair|Nepal|Right-hand bat|Right-arm bowler
2520|Shakti Prasad Gauchan|Nepal|Right-hand bat|Slow left-arm orthodox
2522|Sompal Kami|Nepal|Right-hand bat|Right-arm fast-medium
2528|Mark Sinclair Chapman|Hong Kong|Left-hand bat|Slow left-arm orthodox
2532|Faizan Asif|United Arab Emirates|Left-hand bat|none
2537|Logan Verjus van Beek|Netherlands|Right-hand bat|Right-arm medium-fast
2776|Jason Jonathan Roy|Pakistan|Right-hand bat|none
2785|Hafiz Saad Nasim|Pakistan|Right-hand bat|Legbreak
2789|Cameron John Boyce|Australia|Right-hand bat|Legbreak
2793|Ben Robert Dunk|Australia|Left-hand bat|none
2797|Nathan Jon Reardon|Australia|Left-hand bat|Right-arm medium
2805|Reeza Raphael Hendricks|South Africa|Right-hand bat|Right-arm medium-fast
2809|Kagiso Rabada|South Africa|Left-hand bat|Right-arm fast
2870|Rajesh Pulami Magar|Nepal|Right-hand bat|Legbreak googly
2925|Mukhtar Ahmed|Pakistan,Khyber-Pakhtunkhwa Fighters,Pakistan A,Sialkot Stallions,State Bank of Pakistan|Right-hand bat|Legbreak googly
2926|Mohammad Rizwan|Pakistan,Pakistan A,Pakistan Under-19s,Pakistan Under-23s,Peshawar,Peshawar Panthers,Sui Northern Gas Pipelines Limited|Right-hand bat|none
2927|Mustafizur Rahman|Bangladesh,Abahani Limited,Bangladesh Under-19s,Khulna Division,South Zone (Bangladesh)|Left-hand bat|Left-arm fast-medium
2928|Nauman Anwar|Pakistan,Sialkot Stallions|Right-hand bat|Right-arm medium-fast
2929|Syed Imad Wasim|Pakistan,Islamabad,Islamabad Leopards,Pakistan Under-19s|Left-hand bat|Slow left-arm orthodox
2931|Tryone Edward Kane|Ireland,Ireland Under-13s,Ireland Under-15s,Ireland Under-17s,Ireland Under-19s|Right-hand bat|Right-arm medium-fast
2932|Henry George Munsey|Scotland,Highlanders,Northamptonshire,Northamptonshire 2nd XI,Nottinghamshire 2nd XI,Scotland Development XI|Left-hand bat|Right-arm medium-fast
2933|Mark Robert James Watt|Scotland,Scotland XI,Highlanders,Scotland A,Scotland Under-19s|Left-hand bat|Slow left-arm orthodox
2935|Samuel William Billings|England,England Under-19s,Kent,Kent 2nd XI,Loughborough Marylebone Cricket Club University (England)|Right-hand bat|none
2936|David Jonathan Willey|England Lions,England Under-19s,Northamptonshire,Northamptonshire 2nd XI|Left-hand bat|Left-arm fast-medium
2938|Mitchell Josef Santner|New Zealand,New Zealand Masters,Northern Districts,Northern Districts A,Northern Districts Under-19s|Left-hand bat|Slow left-arm orthodox
2939|Pradeep Singh Airee|Nepal,Nepal Under-19s,Nepal Under-21s|Right-hand bat|Right-arm medium
2940|Karan KC|Nepal|Right-hand bat|Right-arm fast
2942|Tobias Pepijn Visee|Netherlands,Netherlands Under-15s,Netherlands Under-17s,Netherlands Under-19s|Right-hand bat|none
2943|Maxwell Patrick O'Dowd|Netherlands|Right-hand bat|Right-arm offbreak
2945|Rahil Izhar Ahmed|Netherlands,Netherlands Under-13s,Netherlands Under-15s,Netherlands Under-17s,Netherlands Under-19s,North Holland Hurricanes|Right-hand bat|none
2949|Rony Talukdar|Bangladesh A,Bangladesh Cricket Board Academy,Bangladesh Under-19s,Bangladesh Under-23s,Barisal Division,Dhaka Division|Right-hand bat|Right-arm slow-medium
2950|Abdul Shakoor Bangash|United Arab Emirates|Right-hand bat|none
2951|Umair Ali Khan|United Arab Emirates|Right-hand bat|none
2952|Con de Wet de Lange|Scotland,Boland,Cape Cobras,Eagles,Free State,Knights,Northamptonshire,Western Province Boland|Right-hand bat|Slow left-arm orthodox
2959|Kila Pala|Papua New Guinea Under-19s|Left-hand bat|Right-arm medium
2962|Manish Krishnanand Pandey|India A,Karnataka,Kolkata Knight Riders,Mumbai Indians,Pune Warriors,Royal Challengers Bangalore,South Zone|Right-hand bat|Right-arm medium
2963|Sandeep Sharma|India,India A,India Under-19s,India Under-23s,Kings XI Punjab,Punjab,Punjab Under-19s|Right-hand bat|Right-arm medium
2965|Sanju Viswanath Samson|India,India Under-19s,Kerala,Kerala Cricket Association XI,Kolkata Knight Riders,Rajasthan Royals|Right-hand bat|none
2978|Dhananjaya Maduranga de Silva|Sri Lanka,Badureliya Sports Club,Kandurata Maroons,Ragama Cricket Club,Sri Lanka Under-19s|Right-hand bat|Right-arm offbreak
2979|Tisse Appuhamilage Milinda Siriwardana|Sri Lanka,Basnahira South,Chilaw Marians Cricket Club,Chittagong Division,Dhaka Division,Kalutara Vidyalaya,Kandurata Maroons,Ruhuna,Sebastianites Cri|Left-hand bat|Slow left-arm orthodox
2980|Binura Fernando|Sri Lanka,Ruhuna Reds,Sinhalese Sports Club,Sri Lanka A,Sri Lanka Under-19s|Right-hand bat|Left-arm medium-fast
2982|Dampalage Shehan Naveendra Fonseka Gunawardene Jayasuriya|Sri Lanka,Chittagong Kings,Kandurata Maroons,Moors Sports Club,Police Sports Club,Sri Lanka Under-19s,Sri Lanka Under-23s|Left-hand bat|Right-arm offbreak
2983|Madagamagamage Dasun Shanaka|Sri Lanka,Sinhalese Sports Club,Sri Lanka Under-19s|Right-hand bat|Right-arm medium
2984|George Herrick Worker|New Zealand,Scotland,Canterbury,Central Districts,New Zealand A,New Zealand Under-19s|Left-hand bat|Slow left-arm orthodox
2986|Marcus Peter Stoinis|Australia,Australia A,Delhi Daredevils,Kent 2nd XI,Perth Scorchers,Scarborough,Victoria,Victoria Under-23s,Victorian XI,Western Australia,Western Aust|Right-hand bat|Right-arm medium
3019|Tyron Henderson|South Africa|Right-hand bat|Right-arm fast-medium
3021|Jadhavji Shah Jesani|Kenya|Right-hand bat|Right-arm offbreak
3022|Christopher Paul Schofield|England|Left-hand bat|Legbreak
3023|Wijekoon Mudiyanselage Gayan Ramyakumara|Sri Lanka|Left-hand bat|Left-arm medium
3024|Luke Anthony Pomersbach|Australia|Left-hand bat|Right-arm offbreak
3025|William Keith Donald Perkins|West Indies|Right-hand bat|none
3029|Shoaib Khan|Pakistan|Left-hand bat|Right-arm medium-fast
3031|Amjad Khan|England|Right-hand bat|Right-arm fast-medium
3033|Rupasinghe Jayawardene Mudiyanselage Gihan Madushanka Rupasinghe|Sri Lanka|Left-hand bat|Legbreak
3034|Heino Gunther Kuhn|South Africa|Right-hand bat|none
3035|Halwathurage Chinthaka Umesh Jayasinghe|Sri Lanka|Right-hand bat|Right-arm medium
3036|Simon James Stevenson Smith|Scotland|Right-hand bat|none
3037|Travis Rodney Birt|Australia|Left-hand bat|Right-arm medium
3039|Stephen Norman John O'Keefe|Australia|Right-hand bat|Slow left-arm orthodox
3040|Christopher Dion Barnwell|West Indies|Right-hand bat|Right-arm medium-fast
3041|Ashley Renaldo Nurse|West Indies|Right-hand bat|Right-arm offbreak
